{"tissue_hires_scalef": 0.14397812, "tissue_lowres_scalef": 0.043193433, "fiducial_diameter_fullres": 137.67873705072162, "spot_diameter_fullres": 85.22969436473244}